1,EmmaSMITH,Emma,SMITH,Emma.SMITH@example.com,
2,Sophie JOHNSON,Sophie ,JOHNSON,Sophie .JOHNSON@example.com,
3,OliviaWILLIAMS,Olivia,WILLIAMS,Olivia.WILLIAMS@example.com,
4,RubyBROWN,Ruby,BROWN,Ruby.BROWN@example.com,
5,CharlotteJONES,Charlotte,JONES,Charlotte.JONES@example.com,
6,IsabellaMILLER,Isabella,MILLER,Isabella.MILLER@example.com,
7,LilyDAVIS,Lily,DAVIS,Lily.DAVIS@example.com,
8,EllaGARCIA,Ella,GARCIA,Ella.GARCIA@example.com,
9,ChloeRODRIGUEZ,Chloe,RODRIGUEZ,Chloe.RODRIGUEZ@example.com,
10,EmilyWILSON,Emily,WILSON,Emily.WILSON@example.com,
11,ZoeMARTINEZ,Zoe,MARTINEZ,Zoe.MARTINEZ@example.com,
12,AvaANDERSON,Ava,ANDERSON,Ava.ANDERSON@example.com,
13,AmeliaTAYLOR,Amelia,TAYLOR,Amelia.TAYLOR@example.com,
14,LucyTHOMAS,Lucy,THOMAS,Lucy.THOMAS@example.com,
15,GraceHERNANDEZ,Grace,HERNANDEZ,Grace.HERNANDEZ@example.com,
16,MiaMOORE,Mia,MOORE,Mia.MOORE@example.com,
17,JessicaMARTIN,Jessica,MARTIN,Jessica.MARTIN@example.com,
18,PaigeJACKSON,Paige,JACKSON,Paige.JACKSON@example.com,
19,HannahTHOMPSON,Hannah,THOMPSON,Hannah.THOMPSON@example.com,
20,MadisonWHITE,Madison,WHITE,Madison.WHITE@example.com,
21,IslaLOPEZ,Isla,LOPEZ,Isla.LOPEZ@example.com,
22,SophiaLEE,Sophia,LEE,Sophia.LEE@example.com,
23,GeorgiaGONZALEZ,Georgia,GONZALEZ,Georgia.GONZALEZ@example.com,
24,EvaHARRIS,Eva,HARRIS,Eva.HARRIS@example.com,
25,SiennaCLARK,Sienna,CLARK,Sienna.CLARK@example.com,
26,HollyLEWIS,Holly,LEWIS,Holly.LEWIS@example.com,
27,BellaROBINSON,Bella,ROBINSON,Bella.ROBINSON@example.com,
28,BrookeWALKER,Brooke,WALKER,Brooke.WALKER@example.com,
29,SamanthaPEREZ,Samantha,PEREZ,Samantha.PEREZ@example.com,
30,AbigailHALL,Abigail,HALL,Abigail.HALL@example.com,
31,JasmineYOUNG,Jasmine,YOUNG,Jasmine.YOUNG@example.com,
32,MaddisonALLEN,Maddison,ALLEN,Maddison.ALLEN@example.com,
33,MaiaSANCHEZ,Maia,SANCHEZ,Maia.SANCHEZ@example.com,
34,SummerWRIGHT,Summer,WRIGHT,Summer.WRIGHT@example.com,
35,AmberKING,Amber,KING,Amber.KING@example.com,
36,JadeSCOTT,Jade,SCOTT,Jade.SCOTT@example.com,
37,ElizabethGREEN,Elizabeth,GREEN,Elizabeth.GREEN@example.com,
38,MollyBAKER,Molly,BAKER,Molly.BAKER@example.com,
39,StellaADAMS,Stella,ADAMS,Stella.ADAMS@example.com,
40,HayleyNELSON,Hayley,NELSON,Hayley.NELSON@example.com,
41,SarahHILL,Sarah,HILL,Sarah.HILL@example.com,
42,TaylorRAMIREZ,Taylor,RAMIREZ,Taylor.RAMIREZ@example.com,
43,ScarlettCAMPBELL,Scarlett,CAMPBELL,Scarlett.CAMPBELL@example.com,
44,KeiraMITCHELL,Keira,MITCHELL,Keira.MITCHELL@example.com,
45,NevaehROBERTS,Nevaeh,ROBERTS,Nevaeh.ROBERTS@example.com,
46,EdenCARTER,Eden,CARTER,Eden.CARTER@example.com,
47,AddisonPHILLIPS,Addison,PHILLIPS,Addison.PHILLIPS@example.com,
48,PeytonEVANS,Peyton,EVANS,Peyton.EVANS@example.com,
49,TaylaTURNER,Tayla,TURNER,Tayla.TURNER@example.com,
50,AlexisTORRES,Alexis,TORRES,Alexis.TORRES@example.com,
51,AnnabellePARKER,Annabelle,PARKER,Annabelle.PARKER@example.com,
52,IsabelleCOLLINS,Isabelle,COLLINS,Isabelle.COLLINS@example.com,
53,KateEDWARDS,Kate,EDWARDS,Kate.EDWARDS@example.com,
54,KatieSTEWART,Katie,STEWART,Katie.STEWART@example.com,
55,AaliyahFLORES,Aaliyah,FLORES,Aaliyah.FLORES@example.com,
56,AliceMORRIS,Alice,MORRIS,Alice.MORRIS@example.com,
57,PhoebeNGUYEN,Phoebe,NGUYEN,Phoebe.NGUYEN@example.com,
58,KaylaMURPHY,Kayla,MURPHY,Kayla.MURPHY@example.com,
59,ZaraRIVERA,Zara,RIVERA,Zara.RIVERA@example.com,
60,LillyCOOK,Lilly,COOK,Lilly.COOK@example.com,
61,RileyROGERS,Riley,ROGERS,Riley.ROGERS@example.com,
62,CaitlinMORGAN,Caitlin,MORGAN,Caitlin.MORGAN@example.com,
63,LeahPETERSON,Leah,PETERSON,Leah.PETERSON@example.com,
64,RoseCOOPER,Rose,COOPER,Rose.COOPER@example.com,
65,AshleyREED,Ashley,REED,Ashley.REED@example.com,
66,AmyBAILEY,Amy,BAILEY,Amy.BAILEY@example.com,
67,SofiaBELL,Sofia,BELL,Sofia.BELL@example.com,
68,AlyssaGOMEZ,Alyssa,GOMEZ,Alyssa.GOMEZ@example.com,
69,AnnaKELLY,Anna,KELLY,Anna.KELLY@example.com,
70,PoppyHOWARD,Poppy,HOWARD,Poppy.HOWARD@example.com,
71,IsabelWARD,Isabel,WARD,Isabel.WARD@example.com,
72,MikaylaCOX,Mikayla,COX,Mikayla.COX@example.com,
73,VictoriaDIAZ,Victoria,DIAZ,Victoria.DIAZ@example.com,
74,MillieRICHARDSON,Millie,RICHARDSON,Millie.RICHARDSON@example.com,
75,DanielleWOOD,Danielle,WOOD,Danielle.WOOD@example.com,
76,HarmonyWATSON,Harmony,WATSON,Harmony.WATSON@example.com,
77,AylaBROOKS,Ayla,BROOKS,Ayla.BROOKS@example.com,
78,MatildaBENNETT,Matilda,BENNETT,Matilda.BENNETT@example.com,
79,AriaGRAY,Aria,GRAY,Aria.GRAY@example.com,
80,MackenzieJAMES,Mackenzie,JAMES,Mackenzie.JAMES@example.com,
81,OliveREYES,Olive,REYES,Olive.REYES@example.com,
82,HazelCRUZ,Hazel,CRUZ,Hazel.CRUZ@example.com,
83,WillowHUGHES,Willow,HUGHES,Willow.HUGHES@example.com,
84,MilaPRICE,Mila,PRICE,Mila.PRICE@example.com,
85,DaisyMYERS,Daisy,MYERS,Daisy.MYERS@example.com,
86,LolaLONG,Lola,LONG,Lola.LONG@example.com,
87,LaylaFOSTER,Layla,FOSTER,Layla.FOSTER@example.com,
88,SavannahSANDERS,Savannah,SANDERS,Savannah.SANDERS@example.com,
89,NatalieROSS,Natalie,ROSS,Natalie.ROSS@example.com,
90,LuciaMORALES,Lucia,MORALES,Lucia.MORALES@example.com,
91,MayaPOWELL,Maya,POWELL,Maya.POWELL@example.com,
92,KatelynSULLIVAN,Katelyn,SULLIVAN,Katelyn.SULLIVAN@example.com,
93,PiperRUSSELL,Piper,RUSSELL,Piper.RUSSELL@example.com,
94,FaithORTIZ,Faith,ORTIZ,Faith.ORTIZ@example.com,
95,PippaJENKINS,Pippa,JENKINS,Pippa.JENKINS@example.com,
96,PaytonGUTIERREZ,Payton,GUTIERREZ,Payton.GUTIERREZ@example.com,
97,RebeccaPERRY,Rebecca,PERRY,Rebecca.PERRY@example.com,
98,TessaBUTLER,Tessa,BUTLER,Tessa.BUTLER@example.com,
99,IvyBARNES,Ivy,BARNES,Ivy.BARNES@example.com,
100,Imogen FISHER,Imogen ,FISHER,Imogen .FISHER@example.com,
101,Liam HENDERSON,Liam ,HENDERSON,Liam .HENDERSON@example.com,
102,JamesCOLEMAN,James,COLEMAN,James.COLEMAN@example.com,
103,OliverSIMMONS,Oliver,SIMMONS,Oliver.SIMMONS@example.com,
104,JackPATTERSON,Jack,PATTERSON,Jack.PATTERSON@example.com,
105,WilliamJORDAN,William,JORDAN,William.JORDAN@example.com,
106,JoshuaREYNOLDS,Joshua,REYNOLDS,Joshua.REYNOLDS@example.com,
107,BenjaminHAMILTON,Benjamin,HAMILTON,Benjamin.HAMILTON@example.com,
108,JacobGRAHAM,Jacob,GRAHAM,Jacob.GRAHAM@example.com,
109,SamuelKIM,Samuel,KIM,Samuel.KIM@example.com,
110,LucasGONZALES,Lucas,GONZALES,Lucas.GONZALES@example.com,
111,ThomasALEXANDER,Thomas,ALEXANDER,Thomas.ALEXANDER@example.com,
112,RyanRAMOS,Ryan,RAMOS,Ryan.RAMOS@example.com,
113,NoahWALLACE,Noah,WALLACE,Noah.WALLACE@example.com,
114,EthanGRIFFIN,Ethan,GRIFFIN,Ethan.GRIFFIN@example.com,
115,CooperWEST,Cooper,WEST,Cooper.WEST@example.com,
116,DanielCOLE,Daniel,COLE,Daniel.COLE@example.com,
117,IsaacHAYES,Isaac,HAYES,Isaac.HAYES@example.com,
118,MaxCHAVEZ,Max,CHAVEZ,Max.CHAVEZ@example.com,
119,TylerGIBSON,Tyler,GIBSON,Tyler.GIBSON@example.com,
120,AlexanderBRYANT,Alexander,BRYANT,Alexander.BRYANT@example.com,
121,RileyELLIS,Riley,ELLIS,Riley.ELLIS@example.com,
122,BlakeSTEVENS,Blake,STEVENS,Blake.STEVENS@example.com,
123,LachlanMURRAY,Lachlan,MURRAY,Lachlan.MURRAY@example.com,
124,LukeFORD,Luke,FORD,Luke.FORD@example.com,
125,HunterMARSHALL,Hunter,MARSHALL,Hunter.MARSHALL@example.com,
126,CharlieOWENS,Charlie,OWENS,Charlie.OWENS@example.com,
127,ConnorMCDONALD,Connor,MCDONALD,Connor.MCDONALD@example.com,
128,CalebHARRISON,Caleb,HARRISON,Caleb.HARRISON@example.com,
129,XavierRUIZ,Xavier,RUIZ,Xavier.RUIZ@example.com,
130,DylanKENNEDY,Dylan,KENNEDY,Dylan.KENNEDY@example.com,
131,JaydenWELLS,Jayden,WELLS,Jayden.WELLS@example.com,
132,MasonALVAREZ,Mason,ALVAREZ,Mason.ALVAREZ@example.com,
133,LeviWOODS,Levi,WOODS,Levi.WOODS@example.com,
134,MatthewMENDOZA,Matthew,MENDOZA,Matthew.MENDOZA@example.com,
135,LoganCASTILLO,Logan,CASTILLO,Logan.CASTILLO@example.com,
136,JosephOLSON,Joseph,OLSON,Joseph.OLSON@example.com,
137,GeorgeWEBB,George,WEBB,George.WEBB@example.com,
138,NathanWASHINGTON,Nathan,WASHINGTON,Nathan.WASHINGTON@example.com,
139,CameronTUCKER,Cameron,TUCKER,Cameron.TUCKER@example.com,
140,OscarFREEMAN,Oscar,FREEMAN,Oscar.FREEMAN@example.com,
141,HarryBURNS,Harry,BURNS,Harry.BURNS@example.com,
142,LeoHENRY,Leo,HENRY,Leo.HENRY@example.com,
143,JacksonVASQUEZ,Jackson,VASQUEZ,Jackson.VASQUEZ@example.com,
144,FinnSNYDER,Finn,SNYDER,Finn.SNYDER@example.com,
145,HarrisonSIMPSON,Harrison,SIMPSON,Harrison.SIMPSON@example.com,
146,JakeCRAWFORD,Jake,CRAWFORD,Jake.CRAWFORD@example.com,
147,MichaelJIMENEZ,Michael,JIMENEZ,Michael.JIMENEZ@example.com,
148,AlexPORTER,Alex,PORTER,Alex.PORTER@example.com,
149,ZacharyMASON,Zachary,MASON,Zachary.MASON@example.com,
150,LucaSHAW,Luca,SHAW,Luca.SHAW@example.com,
151,TobyGORDON,Toby,GORDON,Toby.GORDON@example.com,
152,ElijahWAGNER,Elijah,WAGNER,Elijah.WAGNER@example.com,
153,AngusHUNTER,Angus,HUNTER,Angus.HUNTER@example.com,
154,KingstonROMERO,Kingston,ROMERO,Kingston.ROMERO@example.com,
155,AshtonHICKS,Ashton,HICKS,Ashton.HICKS@example.com,
156,JohnDIXON,John,DIXON,John.DIXON@example.com,
157,CarterHUNT,Carter,HUNT,Carter.HUNT@example.com,
158,CodyPALMER,Cody,PALMER,Cody.PALMER@example.com,
159,EliROBERTSON,Eli,ROBERTSON,Eli.ROBERTSON@example.com,
160,JesseBLACK,Jesse,BLACK,Jesse.BLACK@example.com,
161,DavidHOLMES,David,HOLMES,David.HOLMES@example.com,
162,HenrySTONE,Henry,STONE,Henry.STONE@example.com,
163,QuinnMEYER,Quinn,MEYER,Quinn.MEYER@example.com,
164,JordanBOYD,Jordan,BOYD,Jordan.BOYD@example.com,
165,AdamMILLS,Adam,MILLS,Adam.MILLS@example.com,
166,CharlesWARREN,Charles,WARREN,Charles.WARREN@example.com,
167,RyderFOX,Ryder,FOX,Ryder.FOX@example.com,
168,AidenROSE,Aiden,ROSE,Aiden.ROSE@example.com,
169,SethRICE,Seth,RICE,Seth.RICE@example.com,
170,AaronMORENO,Aaron,MORENO,Aaron.MORENO@example.com,
171,FlynnSCHMIDT,Flynn,SCHMIDT,Flynn.SCHMIDT@example.com,
172,EdwardPATEL,Edward,PATEL,Edward.PATEL@example.com,
173,PhoenixFERGUSON,Phoenix,FERGUSON,Phoenix.FERGUSON@example.com,
174,LincolnNICHOLS,Lincoln,NICHOLS,Lincoln.NICHOLS@example.com,
175,NicholasHERRERA,Nicholas,HERRERA,Nicholas.HERRERA@example.com,
176,AidanMEDINA,Aidan,MEDINA,Aidan.MEDINA@example.com,
177,SamRYAN,Sam,RYAN,Sam.RYAN@example.com,
178,MarcusFERNANDEZ,Marcus,FERNANDEZ,Marcus.FERNANDEZ@example.com,
179,BrooklynWEAVER,Brooklyn,WEAVER,Brooklyn.WEAVER@example.com,
180,ChaseDANIELS,Chase,DANIELS,Chase.DANIELS@example.com,
181,JoelSTEPHENS,Joel,STEPHENS,Joel.STEPHENS@example.com,
182,ChristianGARDNER,Christian,GARDNER,Christian.GARDNER@example.com,
183,ArchiePAYNE,Archie,PAYNE,Archie.PAYNE@example.com,
184,DominicKELLEY,Dominic,KELLEY,Dominic.KELLEY@example.com,
185,PatrickDUNN,Patrick,DUNN,Patrick.DUNN@example.com,
186,ReubenPIERCE,Reuben,PIERCE,Reuben.PIERCE@example.com,
187,SebastianARNOLD,Sebastian,ARNOLD,Sebastian.ARNOLD@example.com,
188,TaylorTRAN,Taylor,TRAN,Taylor.TRAN@example.com,
189,FletcherSPENCER,Fletcher,SPENCER,Fletcher.SPENCER@example.com,
190,LouisPETERS,Louis,PETERS,Louis.PETERS@example.com,
191,RobertHAWKINS,Robert,HAWKINS,Robert.HAWKINS@example.com,
192,SioneGRANT,Sione,GRANT,Sione.GRANT@example.com,
193,TysonHANSEN,Tyson,HANSEN,Tyson.HANSEN@example.com,
194,MitchellCASTRO,Mitchell,CASTRO,Mitchell.CASTRO@example.com,
195,GabrielHOFFMAN,Gabriel,HOFFMAN,Gabriel.HOFFMAN@example.com,
196,LeonHART,Leon,HART,Leon.HART@example.com,
197,MaxwellELLIOTT,Maxwell,ELLIOTT,Maxwell.ELLIOTT@example.com,
198,FelixCUNNINGHAM,Felix,CUNNINGHAM,Felix.CUNNINGHAM@example.com,
199,BenKNIGHT,Ben,KNIGHT,Ben.KNIGHT@example.com,
200,LewisBRADLEY,Lewis,BRADLEY,Lewis.BRADLEY@example.com,
